{
  "Random Forest": {
    "mean_accuracy": 0.9954545454545455,
    "std_accuracy": 0.0032141217326661065,
    "scores": [
      0.9954545454545455,
      0.9931818181818182,
      1.0,
      0.9977272727272727,
      0.990909090909091
    ]
  },
  "XGBoost": {
    "mean_accuracy": 0.9927272727272726,
    "std_accuracy": 0.0030151134457776117,
    "scores": [
      0.9931818181818182,
      0.9886363636363636,
      0.990909090909091,
      0.9977272727272727,
      0.9931818181818182
    ]
  },
  "SVM": {
    "mean_accuracy": 0.9781818181818182,
    "std_accuracy": 0.003692744729379966,
    "scores": [
      0.9795454545454545,
      0.9818181818181818,
      0.975,
      0.9727272727272728,
      0.9818181818181818
    ]
  },
  "Naive Bayes": {
    "mean_accuracy": 0.9945454545454545,
    "std_accuracy": 0.0018181818181818132,
    "scores": [
      0.9931818181818182,
      0.9954545454545455,
      0.9977272727272727,
      0.9931818181818182,
      0.9931818181818182
    ]
  },
  "Logistic Regression": {
    "mean_accuracy": 0.9740909090909092,
    "std_accuracy": 0.0023177361425421703,
    "scores": [
      0.975,
      0.975,
      0.9727272727272728,
      0.9772727272727273,
      0.9704545454545455
    ]
  }
}