{
  "Random Forest": {
    "mean_accuracy": 0.9945454545454545,
    "std_accuracy": 0.003082877265056932,
    "scores": [
      0.9931818181818182,
      0.990909090909091,
      1.0,
      0.9954545454545455,
      0.9931818181818182
    ]
  },
  "XGBoost": {
    "mean_accuracy": 0.9868181818181819,
    "std_accuracy": 0.0022268088570756308,
    "scores": [
      0.9863636363636363,
      0.9863636363636363,
      0.990909090909091,
      0.9863636363636363,
      0.9840909090909091
    ]
  },
  "SVM": {
    "mean_accuracy": 0.9304545454545454,
    "std_accuracy": 0.006523954588366982,
    "scores": [
      0.925,
      0.9363636363636364,
      0.9363636363636364,
      0.9340909090909091,
      0.9204545454545454
    ]
  },
  "Naive Bayes": {
    "mean_accuracy": 0.9904545454545455,
    "std_accuracy": 0.004853217387286942,
    "scores": [
      0.990909090909091,
      0.9931818181818182,
      0.9977272727272727,
      0.9863636363636363,
      0.9840909090909091
    ]
  },
  "Logistic Regression": {
    "mean_accuracy": 0.9827272727272728,
    "std_accuracy": 0.004895604370122289,
    "scores": [
      0.9840909090909091,
      0.9795454545454545,
      0.975,
      0.9886363636363636,
      0.9863636363636363
    ]
  }
}